Estado,Ano,Emissao,Emissao_sem_outlier
AC,1970,1580758.701774526,1580758.701774526
AC,1971,1618663.5964432284,1618663.5964432284
AC,1972,1713178.8544964194,1713178.8544964194
AC,1973,1808281.8016591258,1808281.8016591258
AC,1974,1915119.5532040528,1915119.5532040528
AC,1975,2090274.5827407367,2090274.5827407367
AC,1976,2278855.816569912,2278855.816569912
AC,1977,2458259.925176556,2458259.925176556
AC,1978,2616771.9180343724,2616771.9180343724
AC,1979,2867222.8438311773,2867222.8438311773
AC,1980,5271363.781445347,5271363.781445347
AC,1981,5900853.409502598,5900853.409502598
AC,1982,7077409.6024685865,7077409.6024685865
AC,1983,7215717.706969438,7215717.706969438
AC,1984,7884317.736486614,7884317.736486614
AC,1985,6345223.642576353,6345223.642576353
AC,1986,6367509.161238548,6367509.161238548
AC,1987,6832488.139434164,6832488.139434164
AC,1988,7089894.087198252,7089894.087198252
AC,1989,7217636.796866929,7217636.796866929
AC,1990,194861547.3679367,194861547.3679367
AC,1991,227787142.05582026,227787142.05582026
AC,1992,246628545.9136574,246628545.9136574
AC,1993,235992288.9626863,235992288.9626863
AC,1994,362065444.1463773,362065444.1463773
AC,1995,327825587.9686122,327825587.9686122
AC,1996,308695416.2433201,308695416.2433201
AC,1997,278875279.4367695,278875279.4367695
AC,1998,261759131.273013,261759131.273013
AC,1999,344036095.2094011,344036095.2094011
AC,2000,316632230.9559144,316632230.9559144
AC,2001,251113738.86205104,251113738.86205104
AC,2002,384635394.49887943,384635394.49887943
AC,2003,489997477.0772379,489997477.0772379
AC,2004,322202713.98301136,322202713.98301136
AC,2005,346986258.4421081,346986258.4421081
AC,2006,255726538.55117023,255726538.55117023
AC,2007,209375830.901086,209375830.901086
AC,2008,199761620.9263784,199761620.9263784
AC,2009,195806796.3512237,195806796.3512237
AC,2010,202482196.1692575,202482196.1692575
AC,2011,167863460.2395183,167863460.2395183
AC,2012,165320966.1113611,165320966.1113611
AC,2013,203226462.62121,203226462.62121
AC,2014,197926789.08783337,197926789.08783337
AC,2015,242629500.73724145,242629500.73724145
AC,2016,221108321.12559178,221108321.12559178
AC,2017,250476970.69490686,250476970.69490686
AC,2018,274799913.5063308,274799913.5063308
AC,2019,358453219.83842623,358453219.83842623
AC,2020,327608468.08412826,327608468.08412826
AC,2021,350547139.11168486,350547139.11168486
AL,1970,8259307.799225599,8259307.799225599
AL,1971,8798050.46085335,8798050.46085335
AL,1972,9491729.374176249,9491729.374176249
AL,1973,9865043.360470857,9865043.360470857
AL,1974,10426145.386162993,10426145.386162993
AL,1975,10938228.843916189,10938228.843916189
AL,1976,11327984.821141737,11327984.821141737
AL,1977,12322836.968684085,12322836.968684085
AL,1978,13426613.174092447,13426613.174092447
AL,1979,14618074.366553789,14618074.366553789
AL,1980,19846752.097456016,19846752.097456016
AL,1981,20561547.055761676,20561547.055761676
AL,1982,23213156.562907424,23213156.562907424
AL,1983,20460463.128781024,20460463.128781024
AL,1984,21616461.2737761,21616461.2737761
AL,1985,21720019.728888985,21720019.728888985
AL,1986,21718487.22345357,21718487.22345357
AL,1987,23128569.065507602,23128569.065507602
AL,1988,21885301.257685963,21885301.257685963
AL,1989,23533159.17732916,23533159.17732916
AL,1990,68319658.22381392,68319658.22381392
AL,1991,74052886.75096,74052886.75096
AL,1992,55080746.942132756,55080746.942132756
AL,1993,46654095.76325559,46654095.76325559
AL,1994,46746401.1184959,46746401.1184959
AL,1995,48193013.73183468,48193013.73183468
AL,1996,44496937.08706953,44496937.08706953
AL,1997,50235739.04141632,50235739.04141632
AL,1998,49516510.13021874,49516510.13021874
AL,1999,50570144.49962835,50570144.49962835
AL,2000,46132430.46430091,46132430.46430091
AL,2001,47638985.71344467,47638985.71344467
AL,2002,44944900.789439015,44944900.789439015
AL,2003,45262585.90580288,45262585.90580288
AL,2004,42002014.520958014,42002014.520958014
AL,2005,42623106.25945331,42623106.25945331
AL,2006,42723485.45775799,42723485.45775799
AL,2007,53856442.1179956,53856442.1179956
AL,2008,46888685.06521497,46888685.06521497
AL,2009,45704026.307336874,45704026.307336874
AL,2010,57864061.69959953,57864061.69959953
AL,2011,60143775.35202541,60143775.35202541
AL,2012,61889766.85977846,61889766.85977846
AL,2013,61755426.37844231,61755426.37844231
AL,2014,58452740.86668745,58452740.86668745
AL,2015,57221201.57661695,57221201.57661695
AL,2016,57431487.76809002,57431487.76809002
AL,2017,61395957.60792768,61395957.60792768
AL,2018,50838206.80126726,50838206.80126726
AL,2019,54141766.84096229,54141766.84096229
AL,2020,55669949.66322601,55669949.66322601
AL,2021,62612792.59389813,62612792.59389813
AM,1970,4862203.01093206,4862203.01093206
AM,1971,5118789.517831248,5118789.517831248
AM,1972,5394800.153457325,5394800.153457325
AM,1973,5684858.604904465,5684858.604904465
AM,1974,5949025.609689672,5949025.609689672
AM,1975,4708531.9920719005,4708531.9920719005
AM,1976,4940018.924073701,4940018.924073701
AM,1977,5045282.890038621,5045282.890038621
AM,1978,5383558.892613265,5383558.892613265
AM,1979,5640278.773233819,5640278.773233819
AM,1980,12097932.1132932,12097932.1132932
AM,1981,15675106.467452839,15675106.467452839
AM,1982,25737943.348033704,25737943.348033704
AM,1983,21944939.857720867,21944939.857720867
AM,1984,22145775.974326253,22145775.974326253
AM,1985,24415890.613354698,24415890.613354698
AM,1986,25331821.609457176,25331821.609457176
AM,1987,29728302.47949274,29728302.47949274
AM,1988,34585500.68614441,34585500.68614441
AM,1989,26204679.586812675,26204679.586812675
AM,1990,188150866.38355982,188150866.38355982
AM,1991,212118499.88336304,212118499.88336304
AM,1992,344486790.60022616,344486790.60022616
AM,1993,343609586.0016006,343609586.0016006
AM,1994,323378157.8840969,323378157.8840969
AM,1995,379045505.3543234,379045505.3543234
AM,1996,429691828.73478127,429691828.73478127
AM,1997,638574096.8985072,638574096.8985072
AM,1998,678227534.2518826,678227534.2518826
AM,1999,410761886.78968126,410761886.78968126
AM,2000,402762837.31781703,402762837.31781703
AM,2001,331474250.0444737,331474250.0444737
AM,2002,455702558.0740182,455702558.0740182
AM,2003,735520450.7484823,735520450.7484823
AM,2004,641300937.0914483,641300937.0914483
AM,2005,687830821.3053995,687830821.3053995
AM,2006,630817525.097209,630817525.097209
AM,2007,473160842.5136048,473160842.5136048
AM,2008,401852972.32458395,401852972.32458395
AM,2009,423334602.6056798,423334602.6056798
AM,2010,519520334.4241494,519520334.4241494
AM,2011,364377682.84483254,364377682.84483254
AM,2012,404406875.4608113,404406875.4608113
AM,2013,514380025.1245389,514380025.1245389
AM,2014,499889221.3798022,499889221.3798022
AM,2015,719939504.4121246,719939504.4121246
AM,2016,1036450510.9264262,1036450510.9264262
AM,2017,648640583.6698633,648640583.6698633
AM,2018,674834145.2455095,674834145.2455095
AM,2019,1024742530.7581594,1024742530.7581594
AM,2020,1213584634.739133,1213584634.739133
AM,2021,1189648501.8496125,1189648501.8496125
AP,1970,999830.3457103566,999830.3457103566
AP,1971,1124514.8483906824,1124514.8483906824
AP,1972,1219580.122753047,1219580.122753047
AP,1973,1314950.3124582402,1314950.3124582402
AP,1974,1413924.827825231,1413924.827825231
AP,1975,1180806.7847211275,1180806.7847211275
AP,1976,1235090.4966028524,1235090.4966028524
AP,1977,1216040.6510193287,1216040.6510193287
AP,1978,1337807.3728897152,1337807.3728897152
AP,1979,1329848.9266938954,1329848.9266938954
AP,1980,1954050.434469404,1954050.434469404
AP,1981,1972595.542925684,1972595.542925684
AP,1982,2589451.3958278745,2589451.3958278745
AP,1983,2317751.8999556773,2317751.8999556773
AP,1984,2388803.8977138065,2388803.8977138065
AP,1985,2569545.3386699827,2569545.3386699827
AP,1986,2921073.3527832716,2921073.3527832716
AP,1987,4058555.3758877767,4058555.3758877767
AP,1988,4169239.904096298,4169239.904096298
AP,1989,4710543.993469203,4710543.993469203
AP,1990,51610038.926438004,51610038.926438004
AP,1991,20806762.90368413,20806762.90368413
AP,1992,110892031.05920708,110892031.05920708
AP,1993,64202340.300854236,64202340.300854236
AP,1994,83448476.53190681,83448476.53190681
AP,1995,70938895.65288259,70938895.65288259
AP,1996,63918674.24775032,63918674.24775032
AP,1997,30111564.765240334,30111564.765240334
AP,1998,115383107.39021817,115383107.39021817
AP,1999,39194077.36548852,39194077.36548852
AP,2000,35471261.00555565,35471261.00555565
AP,2001,40775438.60089457,40775438.60089457
AP,2002,77740580.48481725,77740580.48481725
AP,2003,24770766.973583676,24770766.973583676
AP,2004,49309420.93628146,49309420.93628146
AP,2005,30151116.701723997,30151116.701723997
AP,2006,26218788.473681603,26218788.473681603
AP,2007,47115196.77764483,47115196.77764483
AP,2008,40826937.09768195,40826937.09768195
AP,2009,58186566.17920132,58186566.17920132
AP,2010,44377985.568319716,44377985.568319716
AP,2011,33329948.813636452,33329948.813636452
AP,2012,89478480.43791586,89478480.43791586
AP,2013,42857692.28701161,42857692.28701161
AP,2014,43439073.60174051,43439073.60174051
AP,2015,44666921.699043036,44666921.699043036
AP,2016,83524342.98645172,83524342.98645172
AP,2017,68974332.83420967,68974332.83420967
AP,2018,48307803.45053084,48307803.45053084
AP,2019,29029939.360953547,29029939.360953547
AP,2020,17915871.96529695,17915871.96529695
AP,2021,35684101.6939916,35684101.6939916
BA,1970,83197693.88647063,83197693.88647063
BA,1971,87648681.39010084,87648681.39010084
BA,1972,91223644.00565103,91223644.00565103
BA,1973,94869976.23662767,94869976.23662767
BA,1974,99097693.68967216,99097693.68967216
BA,1975,118636942.4046986,118636942.4046986
BA,1976,125600339.035265,125600339.035265
BA,1977,127045436.61059739,127045436.61059739
BA,1978,131415328.95120682,131415328.95120682
BA,1979,134497251.1879825,134497251.1879825
BA,1980,159046572.5555824,159046572.5555824
BA,1981,161961483.20038116,161961483.20038116
BA,1982,202017279.0131775,202017279.0131775
BA,1983,194713417.05367807,194713417.05367807
BA,1984,197589404.35850355,197589404.35850355
BA,1985,208979842.38260227,208979842.38260227
BA,1986,206176288.36827576,206176288.36827576
BA,1987,217780872.34003928,217780872.34003928
BA,1988,223202093.1240656,223202093.1240656
BA,1989,231046346.6050833,231046346.6050833
BA,1990,822028440.1004183,822028440.1004183
BA,1991,824139615.5405748,824139615.5405748
BA,1992,723997196.7092105,723997196.7092105
BA,1993,714277305.2038957,714277305.2038957
BA,1994,684466899.7977804,684466899.7977804
BA,1995,736046395.6292286,736046395.6292286
BA,1996,680010306.3627181,680010306.3627181
BA,1997,615565049.9535583,615565049.9535583
BA,1998,614861458.6149201,614861458.6149201
BA,1999,669549133.4420986,669549133.4420986
BA,2000,663026654.1628162,663026654.1628162
BA,2001,653545347.3949269,653545347.3949269
BA,2002,600501137.2386107,600501137.2386107
BA,2003,613000750.3290002,613000750.3290002
BA,2004,749849186.8732512,749849186.8732512
BA,2005,650568909.6766884,650568909.6766884
BA,2006,606828866.8800333,606828866.8800333
BA,2007,594669234.8559903,594669234.8559903
BA,2008,703154590.586787,703154590.586787
BA,2009,666278828.6256666,666278828.6256666
BA,2010,591298532.9006373,591298532.9006373
BA,2011,632332834.9920193,632332834.9920193
BA,2012,723071965.5724974,723071965.5724974
BA,2013,730321772.4105941,730321772.4105941
BA,2014,652850326.354393,652850326.354393
BA,2015,618718221.307442,618718221.307442
BA,2016,563783753.5644192,563783753.5644192
BA,2017,585058844.1142439,585058844.1142439
BA,2018,528539504.4323756,528539504.4323756
BA,2019,515156458.11609626,515156458.11609626
BA,2020,593636379.748194,593636379.748194
BA,2021,593225068.1484435,593225068.1484435
CE,1970,26269484.501736514,26269484.501736514
CE,1971,27796173.122134686,27796173.122134686
CE,1972,29142929.81381878,29142929.81381878
CE,1973,30365065.51158221,30365065.51158221
CE,1974,31571244.59607961,31571244.59607961
CE,1975,33341108.387479994,33341108.387479994
CE,1976,33543046.34448718,33543046.34448718
CE,1977,34111509.19948371,34111509.19948371
CE,1978,34859731.183252655,34859731.183252655
CE,1979,35821143.84600598,35821143.84600598
CE,1980,44782867.00015333,44782867.00015333
CE,1981,44750557.487246335,44750557.487246335
CE,1982,50065983.69775769,50065983.69775769
CE,1983,42468771.10346917,42468771.10346917
CE,1984,47698647.67462453,47698647.67462453
CE,1985,56677438.166569754,56677438.166569754
CE,1986,60890451.12849214,60890451.12849214
CE,1987,61675811.495219305,61675811.495219305
CE,1988,65649412.7293795,65649412.7293795
CE,1989,65473534.878297046,65473534.878297046
CE,1990,181588540.19668216,181588540.19668216
CE,1991,152888902.48610672,152888902.48610672
CE,1992,124654346.95667373,124654346.95667373
CE,1993,102031286.08684662,102031286.08684662
CE,1994,126921184.79334804,126921184.79334804
CE,1995,91554101.13113593,91554101.13113593
CE,1996,98210854.0666052,98210854.0666052
CE,1997,138687731.6222106,138687731.6222106
CE,1998,135333146.5989752,135333146.5989752
CE,1999,153515591.37666148,153515591.37666148
CE,2000,161239117.2395553,161239117.2395553
CE,2001,132567000.15458915,132567000.15458915
CE,2002,145487734.20374897,145487734.20374897
CE,2003,143258348.17355895,143258348.17355895
CE,2004,164713075.93531245,164713075.93531245
CE,2005,153556828.73989147,153556828.73989147
CE,2006,152250229.1055986,152250229.1055986
CE,2007,146316205.54195628,146316205.54195628
CE,2008,146527511.69936302,146527511.69936302
CE,2009,148109479.0742972,148109479.0742972
CE,2010,151582792.5875903,151582792.5875903
CE,2011,159485194.2098158,159485194.2098158
CE,2012,211147336.12557593,211147336.12557593
CE,2013,209694322.73415914,209694322.73415914
CE,2014,233250965.3131069,233250965.3131069
CE,2015,234164267.29855925,234164267.29855925
CE,2016,210229971.9311565,210229971.9311565
CE,2017,221587067.90227836,221587067.90227836
CE,2018,180659069.01497328,180659069.01497328
CE,2019,187784384.32528704,187784384.32528704
CE,2020,167118082.0963351,167118082.0963351
CE,2021,203473137.9870568,203473137.9870568
DF,1970,705530.4483584658,705530.4483584658
DF,1971,743931.4167109088,743931.4167109088
DF,1972,878756.9935461016,878756.9935461016
DF,1973,2004252.3363246561,2004252.3363246561
DF,1974,2066286.4532556843,2066286.4532556843
DF,1975,2357948.529514594,2357948.529514594
DF,1976,2660758.3889596947,2660758.3889596947
DF,1977,3172239.9839965515,3172239.9839965515
DF,1978,3200918.7767054755,3200918.7767054755
DF,1979,3587295.359172238,3587295.359172238
DF,1980,7610738.6388117,7610738.6388117
DF,1981,7627792.851040799,7627792.851040799
DF,1982,9770803.622079745,9770803.622079745
DF,1983,9829841.739259403,9829841.739259403
DF,1984,8987069.344106905,8987069.344106905
DF,1985,10435199.899694154,10435199.899694154
DF,1986,11331867.326732734,11331867.326732734
DF,1987,11510531.661328213,11510531.661328213
DF,1988,15688757.600824349,15688757.600824349
DF,1989,12900562.762617778,12900562.762617778
DF,1990,22777695.092845444,22777695.092845444
DF,1991,24235349.903364755,24235349.903364755
DF,1992,21946666.506429706,21946666.506429706
DF,1993,22830022.124202862,22830022.124202862
DF,1994,24659147.934608407,24659147.934608407
DF,1995,25585228.111637965,25585228.111637965
DF,1996,28538050.37208453,28538050.37208453
DF,1997,30864971.85132241,30864971.85132241
DF,1998,39239395.63578397,39239395.63578397
DF,1999,38418701.87486875,38418701.87486875
DF,2000,42150509.91536322,42150509.91536322
DF,2001,42778820.48718945,42778820.48718945
DF,2002,42752249.36865574,42752249.36865574
DF,2003,40141551.47277145,40141551.47277145
DF,2004,42711475.62947471,42711475.62947471
DF,2005,43209872.42715071,43209872.42715071
DF,2006,42212995.47426784,42212995.47426784
DF,2007,44639186.518556885,44639186.518556885
DF,2008,45095319.95717298,45095319.95717298
DF,2009,46117005.625581466,46117005.625581466
DF,2010,52335218.06638437,52335218.06638437
DF,2011,56959168.21091407,56959168.21091407
DF,2012,60528074.25265147,60528074.25265147
DF,2013,62276169.53803153,62276169.53803153
DF,2014,68653369.88581969,68653369.88581969
DF,2015,70691243.97866656,70691243.97866656
DF,2016,63405296.656613,63405296.656613
DF,2017,61716468.29434465,61716468.29434465
DF,2018,55221213.89257756,55221213.89257756
DF,2019,55122941.37438577,55122941.37438577
DF,2020,49383803.942179695,49383803.942179695
DF,2021,56687377.47433015,56687377.47433015
ES,1970,19915884.617730916,19915884.617730916
ES,1971,22267091.82185482,22267091.82185482
ES,1972,23496451.718616873,23496451.718616873
ES,1973,24471407.22976606,24471407.22976606
ES,1974,25542831.958791737,25542831.958791737
ES,1975,29993036.692615196,29993036.692615196
ES,1976,32771855.173646186,32771855.173646186
ES,1977,33526689.272177383,33526689.272177383
ES,1978,33091645.41379109,33091645.41379109
ES,1979,30939095.479007997,30939095.479007997
ES,1980,37529569.9614305,37529569.9614305
ES,1981,39805595.226245314,39805595.226245314
ES,1982,52067701.71432108,52067701.71432108
ES,1983,52092000.26592499,52092000.26592499
ES,1984,94124848.60516444,94124848.60516444
ES,1985,101035893.52569783,101035893.52569783
ES,1986,104290536.83457547,104290536.83457547
ES,1987,102744267.13667344,102744267.13667344
ES,1988,104130181.16206536,104130181.16206536
ES,1989,104911611.37201466,104911611.37201466
ES,1990,165226292.52583635,165226292.52583635
ES,1991,177365761.47086594,177365761.47086594
ES,1992,154220169.7180647,154220169.7180647
ES,1993,150791494.7311379,150791494.7311379
ES,1994,174561585.4856131,174561585.4856131
ES,1995,178731577.8666122,178731577.8666122
ES,1996,147890770.3692573,147890770.3692573
ES,1997,156925474.97484493,156925474.97484493
ES,1998,167127942.85554662,167127942.85554662
ES,1999,145760998.6139886,145760998.6139886
ES,2000,180710477.8480779,180710477.8480779
ES,2001,149493181.87766165,149493181.87766165
ES,2002,164314071.01643407,164314071.01643407
ES,2003,173977133.305486,173977133.305486
ES,2004,146779706.87050182,146779706.87050182
ES,2005,140633722.33994332,140633722.33994332
ES,2006,148169019.73064038,148169019.73064038
ES,2007,186523490.89211613,186523490.89211613
ES,2008,177727132.01635683,177727132.01635683
ES,2009,182121818.71661738,182121818.71661738
ES,2010,222738909.90993434,222738909.90993434
ES,2011,237581187.19888064,237581187.19888064
ES,2012,240691764.20723096,240691764.20723096
ES,2013,258775035.00314754,258775035.00314754
ES,2014,270896202.76732546,270896202.76732546
ES,2015,272689473.3837346,272689473.3837346
ES,2016,248267538.4422328,248267538.4422328
ES,2017,251582210.41666007,251582210.41666007
ES,2018,244548538.36010006,244548538.36010006
ES,2019,232893577.39658678,232893577.39658678
ES,2020,227113778.18489265,227113778.18489265
ES,2021,269754653.36977243,269754653.36977243
GO,1970,103513772.80179308,103513772.80179308
GO,1971,112734751.27027223,112734751.27027223
GO,1972,122212793.00303687,122212793.00303687
GO,1973,131537685.35657988,131537685.35657988
GO,1974,141324395.17719868,141324395.17719868
GO,1975,162145473.59474257,162145473.59474257
GO,1976,173859986.89276275,173859986.89276275
GO,1977,176340168.90796712,176340168.90796712
GO,1978,181803776.44560108,181803776.44560108
GO,1979,192952960.951612,192952960.951612
GO,1980,228412001.60928506,228412001.60928506
GO,1981,232322421.08211476,232322421.08211476
GO,1982,238804650.14564788,238804650.14564788
GO,1983,253239472.7283009,253239472.7283009
GO,1984,268047878.3552126,268047878.3552126
GO,1985,266816371.52016148,266816371.52016148
GO,1986,267726636.34901085,267726636.34901085
GO,1987,280469551.93153965,280469551.93153965
GO,1988,290527984.30036974,290527984.30036974
GO,1989,246052418.1334518,246052418.1334518
GO,1990,709177541.3133316,709177541.3133316
GO,1991,680833493.7769163,680833493.7769163
GO,1992,712897756.5754093,712897756.5754093
GO,1993,648175005.3022555,648175005.3022555
GO,1994,636161801.5518624,636161801.5518624
GO,1995,672566382.837884,672566382.837884
GO,1996,565823272.8253254,565823272.8253254
GO,1997,563051436.2811987,563051436.2811987
GO,1998,527659247.1796533,527659247.1796533
GO,1999,547793695.0111543,547793695.0111543
GO,2000,574428886.7945415,574428886.7945415
GO,2001,543667612.681585,543667612.681585
GO,2002,553554978.6280973,553554978.6280973
GO,2003,599010640.9858677,599010640.9858677
GO,2004,628404928.1174489,628404928.1174489
GO,2005,557410145.2025727,557410145.2025727
GO,2006,505811722.41989356,505811722.41989356
GO,2007,485528312.1120536,485528312.1120536
GO,2008,493566126.8597289,493566126.8597289
GO,2009,485733919.5425404,485733919.5425404
GO,2010,507570530.1715695,507570530.1715695
GO,2011,499792668.601105,499792668.601105
GO,2012,534740712.3671332,534740712.3671332
GO,2013,561157320.0014675,561157320.0014675
GO,2014,567413709.5081823,567413709.5081823
GO,2015,573534816.3605753,573534816.3605753
GO,2016,527782660.8023264,527782660.8023264
GO,2017,536948463.0953565,536948463.0953565
GO,2018,530228106.1483051,530228106.1483051
GO,2019,545216409.9866893,545216409.9866893
GO,2020,543921335.8371228,543921335.8371228
GO,2021,600808135.236309,600808135.236309
MA,1970,28085144.46187756,28085144.46187756
MA,1971,29210491.07539335,29210491.07539335
MA,1972,30361373.46608274,30361373.46608274
MA,1973,31530060.86170525,31530060.86170525
MA,1974,32984485.17750018,32984485.17750018
MA,1975,34752811.89778294,34752811.89778294
MA,1976,35963341.36631282,35963341.36631282
MA,1977,36909222.098731644,36909222.098731644
MA,1978,38748502.957308725,38748502.957308725
MA,1979,41434809.34514402,41434809.34514402
MA,1980,52773576.76416101,52773576.76416101
MA,1981,53250137.84304475,53250137.84304475
MA,1982,57577331.7373,57577331.7373
MA,1983,55610909.3594337,55610909.3594337
MA,1984,59960998.808123335,59960998.808123335
MA,1985,62297620.98891686,62297620.98891686
MA,1986,71138146.53242768,71138146.53242768
MA,1987,75352919.62556848,75352919.62556848
MA,1988,78935815.29263999,78935815.29263999
MA,1989,82313636.5081759,82313636.5081759
MA,1990,1185780808.7509842,1185780808.7509842
MA,1991,949180814.3757999,949180814.3757999
MA,1992,1176423857.8717906,1176423857.8717906
MA,1993,933879345.1167198,933879345.1167198
MA,1994,910732486.1846337,910732486.1846337
MA,1995,860559493.3702787,860559493.3702787
MA,1996,821957411.1927421,821957411.1927421
MA,1997,872475601.9486828,872475601.9486828
MA,1998,1045626099.2738897,1045626099.2738897
MA,1999,741623436.1255025,741623436.1255025
MA,2000,1089492520.2880988,1089492520.2880988
MA,2001,826046723.2393901,826046723.2393901
MA,2002,850072231.4514486,850072231.4514486
MA,2003,1088894094.455242,1088894094.455242
MA,2004,930330108.18747,930330108.18747
MA,2005,890315148.5377003,890315148.5377003
MA,2006,876906781.7534083,876906781.7534083
MA,2007,876704034.3690292,876704034.3690292
MA,2008,841156756.4983187,841156756.4983187
MA,2009,647913150.2697662,647913150.2697662
MA,2010,610058632.6823156,610058632.6823156
MA,2011,605573573.1635611,605573573.1635611
MA,2012,790084731.5168806,790084731.5168806
MA,2013,840475976.128005,840475976.128005
MA,2014,723732966.4666145,723732966.4666145
MA,2015,793812220.2087831,793812220.2087831
MA,2016,811519303.7527899,811519303.7527899
MA,2017,666802026.3863238,666802026.3863238
MA,2018,640017911.3858116,640017911.3858116
MA,2019,669341573.2962253,669341573.2962253
MA,2020,658202474.0077186,658202474.0077186
MA,2021,947632428.3736011,947632428.3736011
MG,1970,198566735.6719666,141610729.55661523
MG,1971,214397619.54837915,150865845.52801445
MG,1972,223978988.9908904,158679332.2687447
MG,1973,233293432.66526768,164324776.97939885
MG,1974,242010019.82027274,174251559.01667124
MG,1975,283484703.2992359,191422289.24093705
MG,1976,296790593.66926146,203563949.02740884
MG,1977,295717043.8505806,189955160.65964255
MG,1978,325294450.991419,190488496.13887602
MG,1979,336921439.57309574,203749775.14151287
MG,1980,406416012.32960594,335134011.08623016
MG,1981,392784136.9661764,336510918.937083
MG,1982,434303719.4808058,400846410.45982885
MG,1983,416968571.6186804,400520659.52061677
MG,1984,423801332.96714455,412028138.43946594
MG,1985,441671161.8410754,419516674.21922916
MG,1986,464827308.77031356,464827308.77031356
MG,1987,475855458.0134797,463643285.1977596
MG,1988,503775265.1331412,467737327.8187244
MG,1989,512999062.466124,447479891.0600165
MG,1990,1162434227.5208137,1162434227.5208137
MG,1991,1300841840.3898046,1300841840.3898046
MG,1992,1158259099.3406215,1158259099.3406215
MG,1993,1134112193.8316765,1134112193.8316765
MG,1994,1081206958.0815632,1081206958.0815632
MG,1995,1121512694.7092276,1121512694.7092276
MG,1996,1079281994.1957438,1079281994.1957438
MG,1997,1094445854.7592773,1094445854.7592773
MG,1998,1051058652.5975482,1051058652.5975482
MG,1999,1103160916.0836363,1103160916.0836363
MG,2000,1109102695.613619,1109102695.613619
MG,2001,1094892495.8563743,1094892495.8563743
MG,2002,1142515699.5708063,1142515699.5708063
MG,2003,1189199875.9027796,1189199875.9027796
MG,2004,1227630670.9381835,1227630670.9381835
MG,2005,1226502085.2436824,1226502085.2436824
MG,2006,1215728431.0905373,1215728431.0905373
MG,2007,1222448147.953435,1222448147.953435
MG,2008,1228951433.714594,1228951433.714594
MG,2009,1132417162.6448007,1132417162.6448007
MG,2010,1206219418.353643,1206219418.353643
MG,2011,1215176857.3747172,1215176857.3747172
MG,2012,1259116074.6411707,1259116074.6411707
MG,2013,1338176731.5706017,1338176731.5706017
MG,2014,1296744314.7422984,1296744314.7422984
MG,2015,1228647600.6111376,1228647600.6111376
MG,2016,1143660523.9931831,1143660523.9931831
MG,2017,1118511494.226519,1118511494.226519
MG,2018,1105709618.760366,1105709618.760366
MG,2019,1154277869.9104214,1154277869.9104214
MG,2020,1142600382.6772015,1142600382.6772015
MG,2021,1250651375.999199,1250651375.999199
MS,1970,485513.64548304986,485513.64548304986
MS,1971,529442.5267556255,529442.5267556255
MS,1972,562530.5511838581,562530.5511838581
MS,1973,595761.2756453444,595761.2756453444
MS,1974,659199.9270319438,659199.9270319438
MS,1975,694371.5328936476,694371.5328936476
MS,1976,731336.1932328192,731336.1932328192
MS,1977,110056422.4662483,110056422.4662483
MS,1978,110057556.38371587,110057556.38371587
MS,1979,121716490.11503671,121716490.11503671
MS,1980,159715595.7409131,159715595.7409131
MS,1981,168465822.20962265,168465822.20962265
MS,1982,171525645.3028273,171525645.3028273
MS,1983,175037443.4214039,175037443.4214039
MS,1984,180121240.3621678,180121240.3621678
MS,1985,192047233.96429217,192047233.96429217
MS,1986,203159913.5411922,203159913.5411922
MS,1987,211018518.85213622,211018518.85213622
MS,1988,221688092.14197063,221688092.14197063
MS,1989,227326018.89548275,227326018.89548275
MS,1990,1147798769.807572,1147798769.807572
MS,1991,1083791787.078398,1083791787.078398
MS,1992,1071892806.5146347,1071892806.5146347
MS,1993,896218275.1237113,896218275.1237113
MS,1994,821609343.1915554,821609343.1915554
MS,1995,912053394.2115113,912053394.2115113
MS,1996,774522394.2942637,774522394.2942637
MS,1997,675505065.8274056,675505065.8274056
MS,1998,626164873.838267,626164873.838267
MS,1999,621780356.6433109,621780356.6433109
MS,2000,679463838.5604392,679463838.5604392
MS,2001,628285103.1739653,628285103.1739653
MS,2002,653231252.9768189,653231252.9768189
MS,2003,794037710.5620484,794037710.5620484
MS,2004,694931932.8210864,694931932.8210864
MS,2005,607661958.9852912,607661958.9852912
MS,2006,565515335.2730587,565515335.2730587
MS,2007,476739305.94530416,476739305.94530416
MS,2008,480537385.88938606,480537385.88938606
MS,2009,465643052.5403082,465643052.5403082
MS,2010,456570780.22826093,456570780.22826093
MS,2011,428940997.56150174,428940997.56150174
MS,2012,454799204.15101206,454799204.15101206
MS,2013,488492051.49013335,488492051.49013335
MS,2014,485182639.60975343,485182639.60975343
MS,2015,478162801.8929876,478162801.8929876
MS,2016,476490678.8109124,476490678.8109124
MS,2017,462304726.9442488,462304726.9442488
MS,2018,453987030.40554696,453987030.40554696
MS,2019,461363973.12305015,461363973.12305015
MS,2020,512615173.6864085,512615173.6864085
MS,2021,555127848.2360779,555127848.2360779
MT,1970,116603148.13391435,116603148.13391435
MT,1971,124100187.20811951,124100187.20811951
MT,1972,131030258.54880069,131030258.54880069
MT,1973,137831995.6133253,137831995.6133253
MT,1974,145355147.2128132,145355147.2128132
MT,1975,147216003.65859383,147216003.65859383
MT,1976,156382172.6094081,156382172.6094081
MT,1977,50051713.73613671,50051713.73613671
MT,1978,53041642.21286076,53041642.21286076
MT,1979,55256142.599278845,55256142.599278845
MT,1980,74417571.0926241,74417571.0926241
MT,1981,76656661.84133923,76656661.84133923
MT,1982,83001621.93560083,83001621.93560083
MT,1983,89237719.65199992,89237719.65199992
MT,1984,95589184.87074006,95589184.87074006
MT,1985,94905819.93982661,94905819.93982661
MT,1986,103726497.15799135,103726497.15799135
MT,1987,112636349.3146937,112636349.3146937
MT,1988,121563462.12341116,121563462.12341116
MT,1989,133309560.19297683,133309560.19297683
MT,1990,2294175442.9409385,1786105212.6874804
MT,1991,2482430751.629169,2086123437.0441933
MT,1992,3280627534.6951594,1850839021.3876848
MT,1993,3087559285.435437,1873809944.634305
MT,1994,4441619055.7315235,1748730628.3410897
MT,1995,5430464194.938456,1864331900.9191058
MT,1996,4282687223.6457896,1682588255.140428
MT,1997,4282012398.5972996,1492054083.4369159
MT,1998,4311768814.45638,1452214809.6174603
MT,1999,4705152188.072974,1441671346.2389097
MT,2000,3673028759.6759725,1597421210.111496
MT,2001,3914842905.619027,1461625488.958037
MT,2002,5102454546.188352,1439589634.5468264
MT,2003,6987871822.467416,1756765405.1874251
MT,2004,6338543392.669635,1634864617.4877434
MT,2005,4810841508.795008,1477840647.7268162
MT,2006,2900571021.1888804,1407823436.1129947
MT,2007,2092437586.2678134,1293464107.822003
MT,2008,2241675427.1642284,1517842552.1209042
MT,2009,1222545012.7281485,1222545012.7281485
MT,2010,1226811880.4697456,1219362733.946204
MT,2011,1553168550.6516445,1379870332.5737264
MT,2012,1484627226.6102185,1428804121.0231996
MT,2013,1869191871.8395257,1470588137.6128724
MT,2014,1657236450.6425326,1374447619.4338036
MT,2015,1884896803.9379754,1527164019.9785469
MT,2016,1606807119.6907642,1606807119.6907642
MT,2017,1659704320.8941636,1403796646.2183342
MT,2018,1773093560.4205954,1414589663.2566411
MT,2019,2039552433.7173326,1447796105.411059
MT,2020,1770385980.6045976,1452811854.7444901
MT,2021,2081610148.254339,1937649082.7022467
PA,1970,19252651.892507363,19252651.892507363
PA,1971,20749121.19719968,20749121.19719968
PA,1972,22290733.574439794,22290733.574439794
PA,1973,23290282.022200722,23290282.022200722
PA,1974,24598208.365358535,24598208.365358535
PA,1975,25792552.03339296,25792552.03339296
PA,1976,27217595.290472705,27217595.290472705
PA,1977,28593270.258617405,28593270.258617405
PA,1978,30088764.352038804,30088764.352038804
PA,1979,32398854.341973964,32398854.341973964
PA,1980,61110322.841837466,61110322.841837466
PA,1981,79285659.53660852,79285659.53660852
PA,1982,80869424.99150759,80869424.99150759
PA,1983,78489583.62695165,78489583.62695165
PA,1984,84728867.37850554,84728867.37850554
PA,1985,80000399.45619015,80000399.45619015
PA,1986,96738776.86202693,96738776.86202693
PA,1987,115048393.15472747,115048393.15472747
PA,1988,124164532.82722333,124164532.82722333
PA,1989,131610670.61915922,131610670.61915922
PA,1990,3188967306.8954787,1786105212.6874804
PA,1991,2741539164.9557333,2086123437.0441933
PA,1992,3516001029.4013057,1850839021.3876848
PA,1993,3011822007.527626,1873809944.634305
PA,1994,3416492619.896909,1748730628.3410897
PA,1995,4487789045.043316,1864331900.9191058
PA,1996,3645979818.659812,1682588255.140428
PA,1997,4707461662.545025,1492054083.4369159
PA,1998,3965480384.8369803,1452214809.6174603
PA,1999,3170594883.2053275,1441671346.2389097
PA,2000,3604860102.663261,1597421210.111496
PA,2001,4666092498.247424,1461625488.958037
PA,2002,3997553156.384828,1439589634.5468264
PA,2003,4766419972.909515,1756765405.1874251
PA,2004,5310774578.553083,1634864617.4877434
PA,2005,4264134446.4285483,1477840647.7268162
PA,2006,4142756423.804497,1407823436.1129947
PA,2007,3529719540.635352,1293464107.822003
PA,2008,3341370587.679349,1517842552.1209042
PA,2009,2349590317.529361,1254380803.4345076
PA,2010,1867179913.64388,1219362733.946204
PA,2011,1647557480.465355,1379870332.5737264
PA,2012,1752518384.2485766,1428804121.0231996
PA,2013,2042302399.3244483,1470588137.6128724
PA,2014,1983627025.2912183,1374447619.4338036
PA,2015,2238360867.8906918,1527164019.9785469
PA,2016,2856423538.4943166,1655729085.3383493
PA,2017,2119282562.532932,1403796646.2183342
PA,2018,2686980822.0787573,1414589663.2566411
PA,2019,2888772929.6357737,1447796105.411059
PA,2020,3290581711.77837,1452811854.7444901
PA,2021,3701683546.2860503,1937649082.7022467
PB,1970,12926363.53302969,12926363.53302969
PB,1971,14313272.437194593,14313272.437194593
PB,1972,15482062.010324668,15482062.010324668
PB,1973,16553464.61968364,16553464.61968364
PB,1974,17240092.37222219,17240092.37222219
PB,1975,19026723.59267249,19026723.59267249
PB,1976,20005486.67842562,20005486.67842562
PB,1977,21584241.84780101,21584241.84780101
PB,1978,21776077.780714992,21776077.780714992
PB,1979,22027475.538373243,22027475.538373243
PB,1980,25318436.461115044,25318436.461115044
PB,1981,25410934.641242746,25410934.641242746
PB,1982,26195325.08933515,26195325.08933515
PB,1983,23412320.460379634,23412320.460379634
PB,1984,24062711.917433675,24062711.917433675
PB,1985,26067367.74613322,26067367.74613322
PB,1986,30029499.803598534,30029499.803598534
PB,1987,29509510.36702806,29509510.36702806
PB,1988,30453056.274919365,30453056.274919365
PB,1989,32870924.23122235,32870924.23122235
PB,1990,68458882.13268298,68458882.13268298
PB,1991,57325886.19246184,57325886.19246184
PB,1992,60432824.866477884,60432824.866477884
PB,1993,57760707.85713287,57760707.85713287
PB,1994,53447625.00344753,53447625.00344753
PB,1995,62954032.446148194,62954032.446148194
PB,1996,76109923.1929386,76109923.1929386
PB,1997,64914631.311666645,64914631.311666645
PB,1998,68459444.7532877,68459444.7532877
PB,1999,55710108.33356586,55710108.33356586
PB,2000,54652748.452048674,54652748.452048674
PB,2001,51506881.19010987,51506881.19010987
PB,2002,51291679.48693243,51291679.48693243
PB,2003,50260595.37656688,50260595.37656688
PB,2004,51917478.29849502,51917478.29849502
PB,2005,53013039.703372575,53013039.703372575
PB,2006,56927193.25814112,56927193.25814112
PB,2007,67824166.11445294,67824166.11445294
PB,2008,66749635.42618026,66749635.42618026
PB,2009,59260028.31407058,59260028.31407058
PB,2010,71901712.03097506,71901712.03097506
PB,2011,75227985.04768735,75227985.04768735
PB,2012,101108944.72985916,101108944.72985916
PB,2013,90587206.24723604,90587206.24723604
PB,2014,101792071.00712256,101792071.00712256
PB,2015,108201235.7691075,108201235.7691075
PB,2016,105117203.74556369,105117203.74556369
PB,2017,103923198.25856368,103923198.25856368
PB,2018,90315351.43086441,90315351.43086441
PB,2019,84008475.3548751,84008475.3548751
PB,2020,86115779.82540317,86115779.82540317
PB,2021,95325043.68136296,95325043.68136296
PE,1970,20705103.372718815,20705103.372718815
PE,1971,24108265.84314871,24108265.84314871
PE,1972,25312583.45803563,25312583.45803563
PE,1973,26575510.946473017,26575510.946473017
PE,1974,28153075.52203014,28153075.52203014
PE,1975,29370643.412980832,29370643.412980832
PE,1976,31010327.31160123,31010327.31160123
PE,1977,31738980.588437993,31738980.588437993
PE,1978,33192763.54833424,33192763.54833424
PE,1979,33836354.149265036,33836354.149265036
PE,1980,48324607.916065045,48324607.916065045
PE,1981,48631238.1222275,48631238.1222275
PE,1982,58132460.0766693,58132460.0766693
PE,1983,51275660.8559666,51275660.8559666
PE,1984,51379813.82254983,51379813.82254983
PE,1985,54187441.547671154,54187441.547671154
PE,1986,58329151.0010833,58329151.0010833
PE,1987,61132890.87749214,61132890.87749214
PE,1988,60085954.83088311,60085954.83088311
PE,1989,60348144.53217026,60348144.53217026
PE,1990,142556445.79280508,142556445.79280508
PE,1991,143595971.1528901,143595971.1528901
PE,1992,127695852.28533629,127695852.28533629
PE,1993,108258750.4715302,108258750.4715302
PE,1994,95037757.32886665,95037757.32886665
PE,1995,108747701.85565232,108747701.85565232
PE,1996,109408040.10606277,109408040.10606277
PE,1997,108632486.14453812,108632486.14453812
PE,1998,122317826.60341738,122317826.60341738
PE,1999,108992656.15703407,108992656.15703407
PE,2000,108447225.86665398,108447225.86665398
PE,2001,110996251.69620614,110996251.69620614
PE,2002,112572214.6846422,112572214.6846422
PE,2003,110204310.40707093,110204310.40707093
PE,2004,111788277.99086261,111788277.99086261
PE,2005,119578298.99444886,119578298.99444886
PE,2006,112260896.61958,112260896.61958
PE,2007,120593157.8469197,120593157.8469197
PE,2008,129958134.58624709,129958134.58624709
PE,2009,125409961.35428345,125409961.35428345
PE,2010,151176692.7677766,151176692.7677766
PE,2011,161504410.32501993,161504410.32501993
PE,2012,196352197.82759377,196352197.82759377
PE,2013,182086703.37920383,182086703.37920383
PE,2014,189632962.60737693,189632962.60737693
PE,2015,193987309.3498005,193987309.3498005
PE,2016,172954939.46477222,172954939.46477222
PE,2017,167841006.2678708,167841006.2678708
PE,2018,157163881.7938273,157163881.7938273
PE,2019,157699046.08927554,157699046.08927554
PE,2020,157781776.46343225,157781776.46343225
PE,2021,183607670.82817924,183607670.82817924
PI,1970,20450812.929188434,20450812.929188434
PI,1971,21630174.041543826,21630174.041543826
PI,1972,22742103.959355853,22742103.959355853
PI,1973,23860711.167356096,23860711.167356096
PI,1974,24981210.3962605,24981210.3962605
PI,1975,25854368.15674312,25854368.15674312
PI,1976,25730177.408889893,25730177.408889893
PI,1977,25923525.723814547,25923525.723814547
PI,1978,26453649.06279936,26453649.06279936
PI,1979,27454138.557095833,27454138.557095833
PI,1980,29346284.36148322,29346284.36148322
PI,1981,29943315.223187953,29943315.223187953
PI,1982,31573011.650043927,31573011.650043927
PI,1983,28874837.820337776,28874837.820337776
PI,1984,30006777.26833557,30006777.26833557
PI,1985,31967122.311351683,31967122.311351683
PI,1986,34346890.37048681,34346890.37048681
PI,1987,34201857.36581165,34201857.36581165
PI,1988,36330576.84569633,36330576.84569633
PI,1989,38419370.913564995,38419370.913564995
PI,1990,102077469.97359294,102077469.97359294
PI,1991,97784888.69364005,97784888.69364005
PI,1992,90633609.29521917,90633609.29521917
PI,1993,83714754.9467586,83714754.9467586
PI,1994,83329933.31772512,83329933.31772512
PI,1995,83679845.975902,83679845.975902
PI,1996,82559306.84112741,82559306.84112741
PI,1997,92094007.149429,92094007.149429
PI,1998,105213429.07717237,105213429.07717237
PI,1999,120994699.00010224,120994699.00010224
PI,2000,101755070.09635107,101755070.09635107
PI,2001,145186152.39105976,145186152.39105976
PI,2002,97903358.32962564,97903358.32962564
PI,2003,96705418.19391336,96705418.19391336
PI,2004,216462762.79467416,216462762.79467416
PI,2005,154184855.84210476,154184855.84210476
PI,2006,110905346.77337208,110905346.77337208
PI,2007,116994442.0359833,116994442.0359833
PI,2008,145307132.53391477,145307132.53391477
PI,2009,114583741.18835221,114583741.18835221
PI,2010,200102384.04612514,200102384.04612514
PI,2011,136613330.0141439,136613330.0141439
PI,2012,298053114.674886,298053114.674886
PI,2013,230345188.14639598,230345188.14639598
PI,2014,207243487.1734326,207243487.1734326
PI,2015,180534435.8896357,180534435.8896357
PI,2016,127946301.04748753,127946301.04748753
PI,2017,152834482.20132872,152834482.20132872
PI,2018,137873964.39700338,137873964.39700338
PI,2019,156246834.03247103,156246834.03247103
PI,2020,159711046.8143854,159711046.8143854
PI,2021,114688082.73901032,114688082.73901032
PR,1970,79826834.81185417,79826834.81185417
PR,1971,85493705.9325739,85493705.9325739
PR,1972,90508034.12261042,90508034.12261042
PR,1973,94624873.5904961,94624873.5904961
PR,1974,100431643.79932955,100431643.79932955
PR,1975,111010201.83026077,111010201.83026077
PR,1976,118053110.30323544,118053110.30323544
PR,1977,119227681.25996076,119227681.25996076
PR,1978,113022786.43950886,113022786.43950886
PR,1979,118458176.34583902,118458176.34583902
PR,1980,180886332.890676,180886332.890676
PR,1981,180285872.8906718,180285872.8906718
PR,1982,190677859.45189345,190677859.45189345
PR,1983,185954326.7125734,185954326.7125734
PR,1984,185143754.7123203,185143754.7123203
PR,1985,195174687.6540825,195174687.6540825
PR,1986,205708491.75510094,205708491.75510094
PR,1987,215159181.6179076,215159181.6179076
PR,1988,210866271.86977923,210866271.86977923
PR,1989,216841158.9058061,216841158.9058061
PR,1990,608868849.6367474,608868849.6367474
PR,1991,585239176.9120646,585239176.9120646
PR,1992,518844825.9999683,518844825.9999683
PR,1993,525749542.99237895,525749542.99237895
PR,1994,529963582.2443106,529963582.2443106
PR,1995,542596715.8511839,542596715.8511839
PR,1996,522314293.4120034,522314293.4120034
PR,1997,554554440.1944624,554554440.1944624
PR,1998,499252918.719191,499252918.719191
PR,1999,556453724.6216372,556453724.6216372
PR,2000,549488352.9309138,549488352.9309138
PR,2001,521766925.29321027,521766925.29321027
PR,2002,525378904.55988616,525378904.55988616
PR,2003,539070719.1581515,539070719.1581515
PR,2004,501914750.276836,501914750.276836
PR,2005,487904005.2870661,487904005.2870661
PR,2006,515832322.0932027,515832322.0932027
PR,2007,515921428.75518817,515921428.75518817
PR,2008,514404627.93092936,514404627.93092936
PR,2009,486751774.3865178,486751774.3865178
PR,2010,500654826.157832,500654826.157832
PR,2011,505722460.9883777,505722460.9883777
PR,2012,524157650.5694266,524157650.5694266
PR,2013,556158574.9180969,556158574.9180969
PR,2014,566114629.6476587,566114629.6476587
PR,2015,578559177.7071356,578559177.7071356
PR,2016,541437816.5959338,541437816.5959338
PR,2017,533390283.46207523,533390283.46207523
PR,2018,530602778.27826667,530602778.27826667
PR,2019,568478986.780994,568478986.780994
PR,2020,563659431.3968626,563659431.3968626
PR,2021,656768479.0254647,656768479.0254647
RJ,1970,26422679.519111477,26422679.519111477
RJ,1971,34995728.18229795,34995728.18229795
RJ,1972,36837584.428892344,36837584.428892344
RJ,1973,38391554.893314965,38391554.893314965
RJ,1974,40158570.03540862,40158570.03540862
RJ,1975,43367449.77002884,43367449.77002884
RJ,1976,46039866.59160875,46039866.59160875
RJ,1977,48475669.981831975,48475669.981831975
RJ,1978,49705718.89618315,49705718.89618315
RJ,1979,50754774.04007484,50754774.04007484
RJ,1980,126538262.90518348,126538262.90518348
RJ,1981,126464362.0388737,126464362.0388737
RJ,1982,170008934.88620192,170008934.88620192
RJ,1983,163422626.2688292,163422626.2688292
RJ,1984,170537249.27630696,170537249.27630696
RJ,1985,166434017.66515723,166434017.66515723
RJ,1986,195536701.9767834,195536701.9767834
RJ,1987,186823454.53330258,186823454.53330258
RJ,1988,189837346.071657,189837346.071657
RJ,1989,171177602.81785172,171177602.81785172
RJ,1990,237284223.36153492,237284223.36153492
RJ,1991,259136600.13223168,259136600.13223168
RJ,1992,251980036.28928396,251980036.28928396
RJ,1993,253579511.5865227,253579511.5865227
RJ,1994,266605719.82413432,266605719.82413432
RJ,1995,261660781.8591171,261660781.8591171
RJ,1996,251325922.48480457,251325922.48480457
RJ,1997,290997461.01339424,290997461.01339424
RJ,1998,313969314.35595006,313969314.35595006
RJ,1999,311724783.9345644,311724783.9345644
RJ,2000,349339070.6181603,349339070.6181603
RJ,2001,349205103.43340254,349205103.43340254
RJ,2002,354843485.47026855,354843485.47026855
RJ,2003,349614652.6317495,349614652.6317495
RJ,2004,354155033.160108,354155033.160108
RJ,2005,376306555.8136363,376306555.8136363
RJ,2006,370712868.03697467,370712868.03697467
RJ,2007,423792889.1251208,423792889.1251208
RJ,2008,511033496.7202658,511033496.7202658
RJ,2009,491688585.52754354,491688585.52754354
RJ,2010,534837592.97868574,534837592.97868574
RJ,2011,548774517.1911824,548774517.1911824
RJ,2012,591545061.4309496,591545061.4309496
RJ,2013,625362831.1504354,625362831.1504354
RJ,2014,602945110.6061575,602945110.6061575
RJ,2015,597534936.2797793,597534936.2797793
RJ,2016,521770876.12492377,521770876.12492377
RJ,2017,543020346.2771283,543020346.2771283
RJ,2018,512401584.28516585,512401584.28516585
RJ,2019,524448498.6118661,524448498.6118661
RJ,2020,499481772.1998719,499481772.1998719
RJ,2021,576713743.774119,576713743.774119
RN,1970,8394483.769497128,8394483.769497128
RN,1971,8848892.701869695,8848892.701869695
RN,1972,9592850.499281596,9592850.499281596
RN,1973,10449004.57307392,10449004.57307392
RN,1974,11044206.187645728,11044206.187645728
RN,1975,11586814.942679456,11586814.942679456
RN,1976,12157115.044909328,12157115.044909328
RN,1977,12284008.407371972,12284008.407371972
RN,1978,12728317.861878132,12728317.861878132
RN,1979,12217219.279945483,12217219.279945483
RN,1980,17031445.539676376,17031445.539676376
RN,1981,16353410.34852785,16353410.34852785
RN,1982,17193445.62486331,17193445.62486331
RN,1983,14282528.961648457,14282528.961648457
RN,1984,16139151.557756329,16139151.557756329
RN,1985,16759083.122313134,16759083.122313134
RN,1986,20441569.685456026,20441569.685456026
RN,1987,20945129.409669448,20945129.409669448
RN,1988,21424897.231595404,21424897.231595404
RN,1989,21233371.26208487,21233371.26208487
RN,1990,57801403.16794063,57801403.16794063
RN,1991,49046944.74243095,49046944.74243095
RN,1992,55140326.11891141,55140326.11891141
RN,1993,42762290.3112667,42762290.3112667
RN,1994,45512877.76246225,45512877.76246225
RN,1995,39810472.874567285,39810472.874567285
RN,1996,43988134.86013089,43988134.86013089
RN,1997,65754148.14694272,65754148.14694272
RN,1998,60707329.871896796,60707329.871896796
RN,1999,61389386.37652749,61389386.37652749
RN,2000,58817943.15841219,58817943.15841219
RN,2001,55388870.39994321,55388870.39994321
RN,2002,52822785.01544088,52822785.01544088
RN,2003,54855740.18502722,54855740.18502722
RN,2004,55145074.30431545,55145074.30431545
RN,2005,58733349.43616934,58733349.43616934
RN,2006,62628989.7509921,62628989.7509921
RN,2007,64816908.15206472,64816908.15206472
RN,2008,66038509.00132641,66038509.00132641
RN,2009,60499321.85792233,60499321.85792233
RN,2010,76895793.87597768,76895793.87597768
RN,2011,74588879.51852095,74588879.51852095
RN,2012,104871148.93851705,104871148.93851705
RN,2013,93559372.87249056,93559372.87249056
RN,2014,100588605.49022372,100588605.49022372
RN,2015,93985388.24234593,93985388.24234593
RN,2016,76732690.9761131,76732690.9761131
RN,2017,82889497.20006256,82889497.20006256
RN,2018,67153072.22913305,67153072.22913305
RN,2019,67883729.79178745,67883729.79178745
RN,2020,68840818.01393302,68840818.01393302
RN,2021,72238379.15945034,72238379.15945034
RO,1970,1809774.34544376,1809774.34544376
RO,1971,1938223.4290338857,1938223.4290338857
RO,1972,2034926.7614405893,2034926.7614405893
RO,1973,2132929.4325820366,2132929.4325820366
RO,1974,2238783.427887218,2238783.427887218
RO,1975,2709296.6670821947,2709296.6670821947
RO,1976,2907099.5248447075,2907099.5248447075
RO,1977,3020251.405911862,3020251.405911862
RO,1978,3503337.721719477,3503337.721719477
RO,1979,4673588.984232819,4673588.984232819
RO,1980,8859741.970384507,8859741.970384507
RO,1981,9234431.651605336,9234431.651605336
RO,1982,12153773.125924159,12153773.125924159
RO,1983,15148253.876236798,15148253.876236798
RO,1984,17907764.395727556,17907764.395727556
RO,1985,19158311.264481306,19158311.264481306
RO,1986,22808300.513151433,22808300.513151433
RO,1987,26002366.997618817,26002366.997618817
RO,1988,29593405.09486758,29593405.09486758
RO,1989,34869626.95212291,34869626.95212291
RO,1990,582914321.7312435,582914321.7312435
RO,1991,1025095337.2756747,1025095337.2756747
RO,1992,1217825916.7042153,1217825916.7042153
RO,1993,1268118723.7338893,1268118723.7338893
RO,1994,1606543311.6946576,1606543311.6946576
RO,1995,1956221228.9730382,1864331900.9191058
RO,1996,1813641740.4937975,1682588255.140428
RO,1997,1284158677.5169215,1284158677.5169215
RO,1998,1174326957.6900675,1174326957.6900675
RO,1999,1504555633.2945168,1441671346.2389097
RO,2000,1411918324.9806879,1411918324.9806879
RO,2001,1396620687.472355,1396620687.472355
RO,2002,1814737296.150074,1439589634.5468264
RO,2003,2660833558.172193,1756765405.1874251
RO,2004,1830572044.5710087,1634864617.4877434
RO,2005,1879193069.0223389,1477840647.7268162
RO,2006,1242689376.260559,1242689376.260559
RO,2007,985728909.3378578,985728909.3378578
RO,2008,692152117.8574157,692152117.8574157
RO,2009,428235579.554554,428235579.554554
RO,2010,409367356.3839362,409367356.3839362
RO,2011,698804185.6773698,698804185.6773698
RO,2012,589462116.2268896,589462116.2268896
RO,2013,661683351.1650631,661683351.1650631
RO,2014,679243620.2097758,679243620.2097758
RO,2015,913733363.7803183,913733363.7803183
RO,2016,1007035523.5216205,1007035523.5216205
RO,2017,952813157.3232105,952813157.3232105
RO,2018,891741311.3923484,891741311.3923484
RO,2019,1055878185.002213,1055878185.002213
RO,2020,1055295390.0178496,1055295390.0178496
RO,2021,1083514870.8295588,1083514870.8295588
RR,1970,2849881.066004418,2849881.066004418
RR,1971,3001393.2763202987,3001393.2763202987
RR,1972,3152559.3239170467,3152559.3239170467
RR,1973,3304162.9145187987,3304162.9145187987
RR,1974,3457606.964700634,3457606.964700634
RR,1975,3024240.097119584,3024240.097119584
RR,1976,3173270.01299002,3173270.01299002
RR,1977,3207091.7968979767,3207091.7968979767
RR,1978,3128766.5375090083,3128766.5375090083
RR,1979,3237201.5276467465,3237201.5276467465
RR,1980,4607771.954387613,4607771.954387613
RR,1981,4920920.584504035,4920920.584504035
RR,1982,5102713.773493975,5102713.773493975
RR,1983,5017116.427258957,5017116.427258957
RR,1984,4305334.525698777,4305334.525698777
RR,1985,4785638.644541412,4785638.644541412
RR,1986,5335479.03069672,5335479.03069672
RR,1987,5708688.88953928,5708688.88953928
RR,1988,6145124.587658899,6145124.587658899
RR,1989,6773295.1352904765,6773295.1352904765
RR,1990,65306830.09274179,65306830.09274179
RR,1991,76251245.10806018,76251245.10806018
RR,1992,102009523.46806313,102009523.46806313
RR,1993,124981029.61994496,124981029.61994496
RR,1994,126678610.58718294,126678610.58718294
RR,1995,136665612.01923057,136665612.01923057
RR,1996,153749328.07618088,153749328.07618088
RR,1997,151147490.99931633,151147490.99931633
RR,1998,186818837.83472857,186818837.83472857
RR,1999,255800255.13932934,255800255.13932934
RR,2000,235945467.3702995,235945467.3702995
RR,2001,275429513.29568183,275429513.29568183
RR,2002,194565447.52349657,194565447.52349657
RR,2003,253598769.4375009,253598769.4375009
RR,2004,253168342.9447831,253168342.9447831
RR,2005,214814881.8073842,214814881.8073842
RR,2006,152391949.96330553,152391949.96330553
RR,2007,157398109.21211296,157398109.21211296
RR,2008,182316999.26640335,182316999.26640335
RR,2009,112244747.22782072,112244747.22782072
RR,2010,99899871.76948987,99899871.76948987
RR,2011,86736906.81352171,86736906.81352171
RR,2012,120635250.86345145,120635250.86345145
RR,2013,177137652.42972875,177137652.42972875
RR,2014,252712770.82140228,252712770.82140228
RR,2015,303923073.6286313,303923073.6286313
RR,2016,290316058.4978498,290316058.4978498
RR,2017,190563672.9701261,190563672.9701261
RR,2018,213228311.04061267,213228311.04061267
RR,2019,321966966.50568247,321966966.50568247
RR,2020,250909743.42076945,250909743.42076945
RR,2021,528207080.45487285,528207080.45487285
RS,1970,181106802.93054074,141610729.55661523
RS,1971,182951974.93485948,150865845.52801445
RS,1972,187180197.71737826,158679332.2687447
RS,1973,190971734.50332057,164324776.97939885
RS,1974,196440853.76985526,174251559.01667124
RS,1975,198982001.50539294,191422289.24093705
RS,1976,205154620.31447074,203563949.02740884
RS,1977,207990228.40578982,189955160.65964255
RS,1978,197394639.7068602,190488496.13887602
RS,1979,201006651.27365503,201006651.27365503
RS,1980,280107198.7576228,280107198.7576228
RS,1981,280817440.8531372,280817440.8531372
RS,1982,283240524.57130754,283240524.57130754
RS,1983,274705948.84738004,274705948.84738004
RS,1984,282021581.1838248,282021581.1838248
RS,1985,288574211.1743285,288574211.1743285
RS,1986,302276728.73146164,302276728.73146164
RS,1987,306359720.32611865,306359720.32611865
RS,1988,305327030.777136,305327030.777136
RS,1989,314926532.7140709,314926532.7140709
RS,1990,604699991.3710701,604699991.3710701
RS,1991,672550667.2966812,672550667.2966812
RS,1992,574932343.828174,574932343.828174
RS,1993,602597892.3512448,602597892.3512448
RS,1994,598608439.2324709,598608439.2324709
RS,1995,561331251.3774357,561331251.3774357
RS,1996,560622700.172156,560622700.172156
RS,1997,609320038.1085702,609320038.1085702
RS,1998,572670352.6181413,572670352.6181413
RS,1999,620265168.983954,620265168.983954
RS,2000,724594507.1065607,724594507.1065607
RS,2001,661892994.8819798,661892994.8819798
RS,2002,624725798.4692029,624725798.4692029
RS,2003,707082215.8881453,707082215.8881453
RS,2004,713183298.0337621,713183298.0337621
RS,2005,615211587.4384978,615211587.4384978
RS,2006,629340969.8289579,629340969.8289579
RS,2007,582654611.3313537,582654611.3313537
RS,2008,687281084.1114048,687281084.1114048
RS,2009,653003084.5572963,653003084.5572963
RS,2010,688725618.5262688,688725618.5262688
RS,2011,723180444.5454571,723180444.5454571
RS,2012,723174911.7856418,723174911.7856418
RS,2013,855325626.980288,855325626.980288
RS,2014,733750206.4406108,733750206.4406108
RS,2015,726504758.7143745,726504758.7143745
RS,2016,693604708.8252454,693604708.8252454
RS,2017,690966047.4253085,690966047.4253085
RS,2018,668676526.9339999,668676526.9339999
RS,2019,677262839.1056696,677262839.1056696
RS,2020,694542703.7545644,694542703.7545644
RS,2021,781464289.92851,781464289.92851
SC,1970,38088999.27959992,38088999.27959992
SC,1971,40071080.16632858,40071080.16632858
SC,1972,41563847.37880999,41563847.37880999
SC,1973,42228360.90467694,42228360.90467694
SC,1974,45947533.06829901,45947533.06829901
SC,1975,46767292.816003785,46767292.816003785
SC,1976,49666022.28092986,49666022.28092986
SC,1977,52092888.11704804,52092888.11704804
SC,1978,52852363.709495775,52852363.709495775
SC,1979,55192916.10341808,55192916.10341808
SC,1980,78754041.51631142,78754041.51631142
SC,1981,79291094.6363217,79291094.6363217
SC,1982,91158731.33536918,91158731.33536918
SC,1983,92290619.48686627,92290619.48686627
SC,1984,94370867.09125142,94370867.09125142
SC,1985,97749610.80338745,97749610.80338745
SC,1986,98043559.10633476,98043559.10633476
SC,1987,97441777.83723198,97441777.83723198
SC,1988,102497722.92472745,102497722.92472745
SC,1989,103864094.40186985,103864094.40186985
SC,1990,296990116.3920691,296990116.3920691
SC,1991,308946475.77773994,308946475.77773994
SC,1992,288628640.9029225,288628640.9029225
SC,1993,303734182.18170154,303734182.18170154
SC,1994,253336114.65419173,253336114.65419173
SC,1995,264127138.16236117,264127138.16236117
SC,1996,266589925.51546493,266589925.51546493
SC,1997,322562790.28554916,322562790.28554916
SC,1998,252505502.4128154,252505502.4128154
SC,1999,297264667.61166704,297264667.61166704
SC,2000,320042791.13642526,320042791.13642526
SC,2001,305481170.4725794,305481170.4725794
SC,2002,314111326.7609066,314111326.7609066
SC,2003,311252668.8828817,311252668.8828817
SC,2004,314890209.4107758,314890209.4107758
SC,2005,324258046.84199816,324258046.84199816
SC,2006,339857280.68198067,339857280.68198067
SC,2007,322617443.39312214,322617443.39312214
SC,2008,318969771.7239133,318969771.7239133
SC,2009,319761341.55420846,319761341.55420846
SC,2010,329099255.71472013,329099255.71472013
SC,2011,305701393.23489106,305701393.23489106
SC,2012,327196033.6960932,327196033.6960932
SC,2013,355056726.0079601,355056726.0079601
SC,2014,356056019.9741331,356056019.9741331
SC,2015,346124519.7985279,346124519.7985279
SC,2016,335789797.5993654,335789797.5993654
SC,2017,340411748.315741,340411748.315741
SC,2018,361962806.4980555,361962806.4980555
SC,2019,378665921.9948819,378665921.9948819
SC,2020,359505444.1800315,359505444.1800315
SC,2021,448401038.40914154,448401038.40914154
SE,1970,8368332.921926727,8368332.921926727
SE,1971,9040623.893761192,9040623.893761192
SE,1972,9629433.15235988,9629433.15235988
SE,1973,10070020.783851033,10070020.783851033
SE,1974,10440256.788321929,10440256.788321929
SE,1975,11281004.187400369,11281004.187400369
SE,1976,11409502.960952705,11409502.960952705
SE,1977,11930020.535931904,11930020.535931904
SE,1978,12463777.249846434,12463777.249846434
SE,1979,13241253.533859184,13241253.533859184
SE,1980,17038858.30289933,17038858.30289933
SE,1981,17309324.219836097,17309324.219836097
SE,1982,17568974.07708023,17568974.07708023
SE,1983,14924316.246662725,14924316.246662725
SE,1984,17152200.41577578,17152200.41577578
SE,1985,18954875.825628743,18954875.825628743
SE,1986,21758164.424258325,21758164.424258325
SE,1987,21750339.646544192,21750339.646544192
SE,1988,22304291.553075213,22304291.553075213
SE,1989,23853401.872595087,23853401.872595087
SE,1990,52360122.52499163,52360122.52499163
SE,1991,53788578.09037939,53788578.09037939
SE,1992,55569634.68211758,55569634.68211758
SE,1993,49972498.88612495,49972498.88612495
SE,1994,47661588.92811473,47661588.92811473
SE,1995,45898524.92440676,45898524.92440676
SE,1996,41310230.35049028,41310230.35049028
SE,1997,48012492.88743936,48012492.88743936
SE,1998,45748337.801429585,45748337.801429585
SE,1999,50456078.02427595,50456078.02427595
SE,2000,51674011.44488163,51674011.44488163
SE,2001,45683820.14694391,45683820.14694391
SE,2002,47389109.36736028,47389109.36736028
SE,2003,48345114.22769957,48345114.22769957
SE,2004,48746300.63260454,48746300.63260454
SE,2005,50153161.785788134,50153161.785788134
SE,2006,51497912.956277505,51497912.956277505
SE,2007,59321598.962414704,59321598.962414704
SE,2008,62776341.20824135,62776341.20824135
SE,2009,62951921.14374859,62951921.14374859
SE,2010,66148223.300262205,66148223.300262205
SE,2011,68786987.96681261,68786987.96681261
SE,2012,70911999.10209416,70911999.10209416
SE,2013,72479235.2441242,72479235.2441242
SE,2014,70540755.84589559,70540755.84589559
SE,2015,67535756.62839566,67535756.62839566
SE,2016,66258536.72228548,66258536.72228548
SE,2017,64127725.16065048,64127725.16065048
SE,2018,64145460.59057877,64145460.59057877
SE,2019,64070107.594679035,64070107.594679035
SE,2020,62742398.58303675,62742398.58303675
SE,2021,81189730.70949353,81189730.70949353
SP,1970,149363387.5239189,141610729.55661523
SP,1971,166141398.45644116,150865845.52801445
SP,1972,178389631.35885382,158679332.2687447
SP,1973,185829407.35458174,164324776.97939885
SP,1974,197433446.0788969,174251559.01667124
SP,1975,212553490.51970586,191422289.24093705
SP,1976,232214167.92457408,203563949.02740884
SP,1977,238557892.54624975,189955160.65964255
SP,1978,247716507.53044912,190488496.13887602
SP,1979,256912852.4264562,203749775.14151287
SP,1980,432693572.0645378,335134011.08623016
SP,1981,427149112.3630962,336510918.937083
SP,1982,543900701.6610612,400846410.45982885
SP,1983,531940875.49764913,400520659.52061677
SP,1984,505394724.4328899,412028138.43946594
SP,1985,513464157.9519408,419516674.21922916
SP,1986,561339408.3983814,465763280.6616856
SP,1987,576021543.6565312,463643285.1977596
SP,1988,583276063.6945479,467737327.8187244
SP,1989,604210982.5162026,447479891.0600165
SP,1990,907669687.842132,907669687.842132
SP,1991,962823317.6008723,962823317.6008723
SP,1992,884414953.1172993,884414953.1172993
SP,1993,915133134.0721214,915133134.0721214
SP,1994,1029665550.7730707,1029665550.7730707
SP,1995,1015644305.3747543,1015644305.3747543
SP,1996,1035150749.5811019,1035150749.5811019
SP,1997,1051099042.1154323,1051099042.1154323
SP,1998,1057518041.5596128,1057518041.5596128
SP,1999,1093031792.0834618,1093031792.0834618
SP,2000,1156932807.164366,1156932807.164366
SP,2001,1136178827.5451655,1136178827.5451655
SP,2002,1108393437.1842487,1108393437.1842487
SP,2003,1089960390.9217968,1089960390.9217968
SP,2004,1097921298.1451616,1097921298.1451616
SP,2005,1074257213.8094575,1074257213.8094575
SP,2006,1082659907.627985,1082659907.627985
SP,2007,1155758446.0339875,1155758446.0339875
SP,2008,1179376518.9729211,1179376518.9729211
SP,2009,1136345663.0855925,1136345663.0855925
SP,2010,1211354320.9893413,1211354320.9893413
SP,2011,1296832095.5323284,1296832095.5323284
SP,2012,1314620772.6475701,1314620772.6475701
SP,2013,1353481438.2184758,1353481438.2184758
SP,2014,1329306700.6249716,1329306700.6249716
SP,2015,1247586542.4910433,1247586542.4910433
SP,2016,1167138122.895527,1167138122.895527
SP,2017,1194221232.3989832,1194221232.3989832
SP,2018,1140952288.5650702,1140952288.5650702
SP,2019,1174265140.6225166,1174265140.6225166
SP,2020,1107842034.7617266,1107842034.7617266
SP,2021,1223309317.361076,1223309317.361076
TO,1970,230840.25743864896,230840.25743864896
TO,1971,231786.3118207886,231786.3118207886
TO,1972,230982.08373773552,230982.08373773552
TO,1973,230683.4165107113,230683.4165107113
TO,1974,242576.89181017503,242576.89181017503
TO,1975,244210.1174753052,244210.1174753052
TO,1976,245402.50798524395,245402.50798524395
TO,1977,249388.367126163,249388.367126163
TO,1978,247599.07186012156,247599.07186012156
TO,1979,249017.68041898852,249017.68041898852
TO,1980,347450.73147202673,347450.73147202673
TO,1981,430144.3577342682,430144.3577342682
TO,1982,436342.3788131828,436342.3788131828
TO,1983,445818.87289855175,445818.87289855175
TO,1984,462942.03001003736,462942.03001003736
TO,1985,479783.19252770767,479783.19252770767
TO,1986,499679.9683188525,499679.9683188525
TO,1987,518103.2944830475,518103.2944830475
TO,1988,535540.3264166241,535540.3264166241
TO,1989,58000287.767070696,58000287.767070696
TO,1990,502877540.61625403,502877540.61625403
TO,1991,454758229.66698176,454758229.66698176
TO,1992,576661118.0477763,576661118.0477763
TO,1993,499107886.22907174,499107886.22907174
TO,1994,448460391.4818104,448460391.4818104
TO,1995,594510826.718078,594510826.718078
TO,1996,463610242.9710327,463610242.9710327
TO,1997,435072090.3602532,435072090.3602532
TO,1998,368591260.9686796,368591260.9686796
TO,1999,417000399.84808356,417000399.84808356
TO,2000,416033558.00931954,416033558.00931954
TO,2001,414620295.2934801,414620295.2934801
TO,2002,336086587.6973597,336086587.6973597
TO,2003,383277722.40121067,383277722.40121067
TO,2004,427668277.36741143,427668277.36741143
TO,2005,392896909.25069827,392896909.25069827
TO,2006,361209418.9447667,361209418.9447667
TO,2007,293199749.22280824,293199749.22280824
TO,2008,312714835.4216584,312714835.4216584
TO,2009,268536993.317282,268536993.317282
TO,2010,279077053.30698574,279077053.30698574
TO,2011,283090542.47079754,283090542.47079754
TO,2012,360566291.9362201,360566291.9362201
TO,2013,459386080.19663996,459386080.19663996
TO,2014,396224410.2455663,396224410.2455663
TO,2015,442717572.1640233,442717572.1640233
TO,2016,375485404.6180026,375485404.6180026
TO,2017,360434888.1560866,360434888.1560866
TO,2018,362988905.5965461,362988905.5965461
TO,2019,360038932.59664494,360038932.59664494
TO,2020,279334038.46472305,279334038.46472305
TO,2021,408215927.93485886,408215927.93485886
